tx_a,tx_b
0xe8a7068a335f54d83eade49615bb28719937a5a76af0c7fcc1da38027652a5a8,0x2679aedaf41b028b364e97064d5eddd40498bee946ed4d57fffd2a4d968db890
0x20f1066ec9b4a55f6df4eb6a3af0a6343b263adabbaaaf16ecdc001a258a0bd7,0x60413bb03d02fea84c9f7151dbf625c0ccb255d233c023ef71d142ff9f876e30
0x9ad045d254834a0e4db8cf22ae366b234f657c9b65c8b79a01cc55fb2428b55b,0x1b221fb18b23b81dd32075172e19c467e33f1cd08d2f312c1671ebac5e1aadf5
0x7c9b117a66acba009ad734507f08cdb07f2241339c6a5e947d4a4afdbf8c8a38,0x1b221fb18b23b81dd32075172e19c467e33f1cd08d2f312c1671ebac5e1aadf5
0xafe318b7b525c624436c45ad5e8b04654ed91264a8c7ac9f44ece8c82a43d982,0xb3ef60fb76b71d9db3975da71cccd387d33197ddaab59928fd0428d8360d3f01
0x00c2097583871717942a27b97537d2bd814b9600434300e6ffdbdc83fa3a2e21,0xb3ef60fb76b71d9db3975da71cccd387d33197ddaab59928fd0428d8360d3f01
0xd3f273d9e9536e163d30ee3b1bb05ade1e5f9f5f76ce70ac41c69933c8b85eaf,0x464d536b63ab44cca47c56d35c13b7d40a906e3ef4b60af2e8b8224e78f2e734
0xc0456208388ab0cd268440ab1befe19475686701e0f9f60a1ef6dc52e43e8fc1,0x464d536b63ab44cca47c56d35c13b7d40a906e3ef4b60af2e8b8224e78f2e734
0x1cfcb7c51349e84790c7a4dfd5e15ab4bb0b9c59fe82aaae7c6a9d0de85500f8,0x0ec939e0aab1497114b7184ed6caa14ca3ce43fd16bc0d18a5f61f91627b5758
0x73c1bedb56e9a34ab7663819227b52797ff97ed2043d6be69fd6a9b6ee1189ad,0x210eee946f67d7adb9aa2bd6534e4c198f71df44cf3e3bfb597108e4c8292416
0xac6c237ced68b36df21c1c293ba6943e6121b64c3eb6d232369724d75b145bd8,0x210eee946f67d7adb9aa2bd6534e4c198f71df44cf3e3bfb597108e4c8292416
0xb561b0052a7384bf55dc3bada944cefe4d719e3452b008ff946a6f3d08387064,0x2501f320505abb1eebbf83094c794095c0227d19bc9e49ecd9d0aa590b2a11ce
0xa9084b0c95fd1934df85e4d9c9582cc4d64b80982d0a8fecce939f8b49ef749d,0x71b644763b954ec17839446d7570b085f10045b91077b6e598ba89c62caf2033
0x76a3e4ce7ef1ce1b487550e6a62bbaedd032f59731bd72cc4bd6336218bd65e2,0x71b644763b954ec17839446d7570b085f10045b91077b6e598ba89c62caf2033
0xf418139f1cf3be22d40b6508de36bde2d61b5aa7a8bc0636230fc56943897081,0xa56c9258f032396fbe1f36c044feeebd4d5ab2d943d160c81700087191ca5abe
0x850abac0e44b0519c7508edf21e41d54b6f0bc854aa991a823403b5ac88858ff,0x2b0a330a8a1c55b809f68b2f8b9900e207ebbd61f5d784140450dd8a3ddb4760
0x1e192538fe0b41a6e9f955dd490aeb99655b86a1f117b484b8b413b8481dfc4f,0xc10f453cb59c1df01fb3569dcc20226990d660fe5cad7ae555c88090d6486999
0x8efde91ea9d4ce401e323b43933e6696d50724146e95015aa4ef3bf5f9a47db6,0x813d00c30949e59e42aec3fb70ccff4077a8ae75958b16e65052e70ae4c3ba43
0xbbb3c954725c67952a2b41be56fe5832c4df4b79daab473cef0028324e43bd1b,0xd9110714058a066bf1e6617ce71cde9794bbbda5b4bc57b0f10a6123520528e3
0x356f752cc990a53c8b9debb7e3c4f1dab9343be8acd285cef36c1399b944d551,0xb286e39173695fa8575928d548fe1b636c0ff6faa208ba85a4cf6cf700ccca0d
0x0ab16ea77a5abdbb54364d0174594a2454308748efc6ad82f03e2bf195b4bba0,0x3d9e7efd8038b97f7c5c307312ad9b48f580da4e8d3618e67b3dfeb87d65e4b3
0xcfa4fa7f1bded80abf7d1cae4139787ba505ff543b435eb2cdb0e5494fa222a2,0x66fbf2961f9d5124b3dad2a029a5b34a64c583f4a4f8aeb4f76e260c3f7146d5
0x1a48bf426c06a910759d7508538cde4fa62538ec29d56beab269f6147c0fa3de,0x6d9cfdca4c232ca706455c44ac40d05723a2e00b0213c7dadf8df43154ac7f7d
0xba5bf69ce151310936d427d3359c43a6910c2381d5a2c8cf33a807e478c50cc4,0x6d9cfdca4c232ca706455c44ac40d05723a2e00b0213c7dadf8df43154ac7f7d
0xfd053903e3c3162d774b280248d72c58a83af94791f91256da86151f5d3c3b83,0x06b0b67bb7ade6aff194f8a6bf2c1cd5f37d462cdde5159ae3b0cbcccf6ce773
0xd73c9d69299e93519423fb80aaeed62da212c66f9f2c3ad6e641aa58f54a686c,0x0677fcad4c64680dc84b227c2a6378b7d1a98e304193c3c900ea6a5271fd5f11
0xc1e66e3748acee7deab79b3ff64b67b4e0538b35ba2f50507818d192ec638bf0,0x0677fcad4c64680dc84b227c2a6378b7d1a98e304193c3c900ea6a5271fd5f11
0xbbfd02304714a7fa65be1a42f6fecb1873722a6b9497a25a0a1e36733f66cb39,0xf87214bbc40772d9fe64e2488c2c72d67574c9592f1330c7236547e14f162ad8
0x226f20bd9780288a81a7ca791deddc80227d26cfb4c2aee9095137fdcfb35cc9,0x9f806cd962149465f375b163bab16e4117a6f0f0bddcc8c70bd3c608c469eac6
0x571d02e8b350cfa0a828b4629d4f377fd0e49f37418e18f11357b99f7327c6e5,0x4b4c57d09f030c3676611aeccc1059169aed800b57412b3ef1032b6004b47b6d
0x81b55b487ad3cd4f4460d574bb071c73853319fb75a192b69dd2e9708d2ba8d6,0x05464aa4165f27dc8e57d7aa2a2871aabbfdee995496b9d92257174eb4f58df5
0xc69315cb2467d625e2adbe27d6b3ae13a12adc2b6b5004437b24d94ffaa28ee9,0x8b87b52d8d1dfa476df70ad72578c11cb51a3f8c4b8f3afebd73ba5b67b224cc
0xf775e74acd3550a0a44c7fcddf31db6d74fc9df1274e731cddfa6c4b58fcfbf7,0xc834f77f097ad182124343611d489c10ddb8a4f9d994d24bacbb3e6cac62b94d
0x95278c4bdb580a7b7b1b29ff4a6f04b5b1a7d90e0e2dc09a4b4d22b3bedd187e,0xbfa95e4e31c8fb111847a7122a4e54b7069fe1beae19e9e3c6f5ecb4f432bc0b
0xb8c9644df73fd7f9656eb33ced10b3649158620dfee64e0f89463c9a59f9217c,0x061e359524d649a8e495a13f5d8a53903655d8493e79a3d3ebba57a528a50995
0x151c1c8999de08ac60abe590b2865189f50fdac821d3d0ec450b7968830c5877,0x061e359524d649a8e495a13f5d8a53903655d8493e79a3d3ebba57a528a50995
0xc93f66882e2a2e9bbd651db448cb9b200fd9c26138749614ea275310d69db2c6,0xb4673c4a379236262205f059142138adb9e998f7a43412411c8559f67b09b500
0x6421e6c5507ff019e302e3075b81518b1a634b7a81299f7cbba704f058170f26,0x469701030e5060982d9b01b38665ed1420f50c90e81587e70f9151a7de4ef752
0xc1e677439563c28916fc936c80337f9e9360a9fcd6e508afc81685b336ca5875,0x54c0ddf39564ca81daaf7c3fd1c42abbc1a551393cb28c6f7eb7185ab2327303
0x8d06c7132e3e7a88ceecd10310b4d017828c503e6fd99512806a7a1076ca6025,0x6bfb5768d486fd261156dd0a0ffa4bcda2776899771c55e3c148310e6ec4af1d
0x82a0ee11e568a02d5928d3a3e22379ad84e42365ce1cdb766e839640d345f4c7,0x6bfb5768d486fd261156dd0a0ffa4bcda2776899771c55e3c148310e6ec4af1d
0x6f5aae9abaff19adb43b1c06e73ec01376b53cc3e9336bb659b34440d97db45f,0xaccd2c378ee3af604c59aff980bb4602448017dee476e5f9f8e23736c8fe050b
0x5cf84067556e7db37fd0279ec3bfe227d71758786cb53f1cc24e20f8afd9f8d8,0xd24cffe4cd2dd7c89cc7ec3d38f44f4563d184b5fa9a952b46358a8a8e8176cc
0x5d55a3e83cbe744dcb594df725b7075f7f0fad70b861cf782fb0b73173261a72,0xdedb6818733400663d367e41b54262a47c117f6faa3c00ed47b4a216efb42abd
0xd8c0cea05e9cacacc0157b413c361b8dd3303ac0089075945a5cba71f91087d3,0xc50a21676c1e5fdb7fc694fd99376ac034be09c599b37d6699e216e324dd17de
0x9266d411b9a5c641672d23e6daeeddb889927a616d5c217afd8504fdcf73426f,0x42cb6a4d4ec2a9e73dbaa03c478c556145152b3df21f91554b8db956aef623a5
0x4e9d4e3da231ff5e83b79a52416a5b470513c8f9ed3f8bc72e663fa9d280cf36,0xefdb75ddce7e875bbde9a66b6ba6c4a42fdd8f27de5aab535ebde4da02d5c7f7
0xad92234cff1e875a55364e8a6c16e735bf1fcd3f43f1a3a5189b0f31ee4e580e,0x926719802c8f84471b9cc6000188295dd71c3ff638375df94d08073cbe07b6f5
0x7bdbdbef18d58f8d3965d74495ffd8b1ee6abfaa5d7a622f9168aa1ba876b457,0xfe2be01dadcc240ca08d4ac7d0270b1b4872cd2dd003271314199d7887d22aee
0xb62b58945b74510c54b6c800c8b6b265db877ac85988d227d4a2828fad3af520,0x3623d79b693cc8fd1ee6c3437f9b3e5d74fb1d696bf2f5821db6afd2fdd9d41e
0x1ba54ecdfc95461af24c43dd6778d0c28987a93f1cb3fad40e9f488af8387040,0x3623d79b693cc8fd1ee6c3437f9b3e5d74fb1d696bf2f5821db6afd2fdd9d41e
0xf1ebc786191fb51dfd91db3fce0fe9d96a72c6128b1d066b68d6144d39e71cae,0xe58749f73251e201854a7daeb4212bd542f58bf09ce95d70829fb7ade67dce80
0xa06f33ccb536135ffe4a109275799dfe4c78f938fbada546c462d97af0c264d6,0xc270901ac31a4db18b0ea8980090673cfe936c2d045113c38dcfe3cf3dcf025b
0xb8aeaf41524ff78d5f787efbd9fd0eece82e21a5001d1e35a2eb92f3ab3cead0,0xaafa3fad00be47a7aa84111969220a07b515e82cefb1acf046811727564f3381
0x0314dae5b1a583b952a4b56e2a35e7a65b5eaeae12220567c5ccb181fcd50df8,0xe05bd1f95254e43e269d9a3366dd8332eb57cdf075d367ea4cc1f4baa5876010
0xc1fa212aaaa26adf4df28b20f65ee598161a7b7404764250b698b8304543ad9b,0x997884afe752dcfaf293d05b925b466d9e7420cc5ad2e38a80a57765caceee10
