tx_a,tx_b
0x017da44a51ed96554951dfe8e05a2a4953f301b302b81180c790502378f0278d,0x4ebedf9394970f8f45c739d4e3c9339a4ea4a516c0cf0ea10b384fd2922b39d0
0x4e9d4e3da231ff5e83b79a52416a5b470513c8f9ed3f8bc72e663fa9d280cf36,0xefdb75ddce7e875bbde9a66b6ba6c4a42fdd8f27de5aab535ebde4da02d5c7f7
0x5cf84067556e7db37fd0279ec3bfe227d71758786cb53f1cc24e20f8afd9f8d8,0xd24cffe4cd2dd7c89cc7ec3d38f44f4563d184b5fa9a952b46358a8a8e8176cc
0x6421e6c5507ff019e302e3075b81518b1a634b7a81299f7cbba704f058170f26,0x469701030e5060982d9b01b38665ed1420f50c90e81587e70f9151a7de4ef752
0x7d4791520bf710c827f2469007e441c134ccc7b2d3937e9725ab672fd393cb6c,0xb8b59f447ca5fd31c9b4e79aecb3aa7992129328793f4be5229d018123079929
0x81b55b487ad3cd4f4460d574bb071c73853319fb75a192b69dd2e9708d2ba8d6,0x05464aa4165f27dc8e57d7aa2a2871aabbfdee995496b9d92257174eb4f58df5
0x95278c4bdb580a7b7b1b29ff4a6f04b5b1a7d90e0e2dc09a4b4d22b3bedd187e,0xbfa95e4e31c8fb111847a7122a4e54b7069fe1beae19e9e3c6f5ecb4f432bc0b
0xad92234cff1e875a55364e8a6c16e735bf1fcd3f43f1a3a5189b0f31ee4e580e,0x926719802c8f84471b9cc6000188295dd71c3ff638375df94d08073cbe07b6f5
0xb561b0052a7384bf55dc3bada944cefe4d719e3452b008ff946a6f3d08387064,0x2501f320505abb1eebbf83094c794095c0227d19bc9e49ecd9d0aa590b2a11ce
0xd8c0cea05e9cacacc0157b413c361b8dd3303ac0089075945a5cba71f91087d3,0xc50a21676c1e5fdb7fc694fd99376ac034be09c599b37d6699e216e324dd17de
0xf1ebc786191fb51dfd91db3fce0fe9d96a72c6128b1d066b68d6144d39e71cae,0xe58749f73251e201854a7daeb4212bd542f58bf09ce95d70829fb7ade67dce80